INSERT INTO Venues (VenueName, Country, Region, City) VALUES
('Barsebäck Golf & Country Club', 'Sweden', 'Skåne', 'Malmö'),
('PGA Sweden National', 'Sweden', 'Skåne', 'Bara'),
('Falsterbo Golf Club', 'Sweden', 'Skåne', 'Falsterbo'),
('Ljunghusens Golf Club', 'Sweden', 'Skåne', 'Höllviken'),
('Halmstad Golf Club', 'Sweden', 'Halland', 'Halmstad'),
('St Andrews Links', 'Scotland', 'Fife', 'St Andrews'),
('Royal Troon Golf Club', 'Scotland', 'Ayrshire', 'Troon'),
('Pebble Beach Golf Links', 'USA', 'California', 'Pebble Beach'),
('Augusta National Golf Club', 'USA', 'Georgia', 'Augusta'),
('Valderrama Golf Club', 'Spain', 'Andalusia', 'Sotogrande');

INSERT INTO Courses (VenueID, CourseName) VALUES
(1, 'Barsebäck Masters Course'),
(1, 'Barsebäck Donald Steel Course'),
(2, 'PGA Sweden National Links Course'),
(2, 'PGA Sweden National Lakes Course'),
(3, 'Falsterbo Championship Course'),
(4, 'Ljunghusens Championship Course'),
(5, 'Halmstad North Course'),
(5, 'Halmstad South Course'),
(6, 'Old Course'),
(6, 'New Course'),
(6, 'Jubilee Course'),
(7, 'Old Course'),
(8, 'Pebble Beach Links'),
(9, 'Augusta National Course'),
(10, 'Valderrama Championship Course');

INSERT INTO Holes (CourseID, HoleNumber, Par, Length, HoleIndex) VALUES
(1, 1, 4, 380, 11),
(1, 2, 5, 520, 5),
(1, 3, 3, 165, 17),
(1, 4, 4, 410, 3),
(1, 5, 4, 395, 9),
(1, 6, 4, 375, 13),
(1, 7, 3, 180, 15),
(1, 8, 5, 505, 7),
(1, 9, 4, 420, 1),
(1, 10, 4, 365, 12),
(1, 11, 4, 400, 4),
(1, 12, 3, 190, 16),
(1, 13, 5, 530, 6),
(1, 14, 4, 385, 10),
(1, 15, 4, 425, 2),
(1, 16, 3, 155, 18),
(1, 17, 4, 390, 8),
(1, 18, 5, 545, 14),
(2, 1, 4, 370, 9),
(2, 2, 4, 405, 3),
(2, 3, 3, 175, 15),
(2, 4, 5, 515, 5),
(2, 5, 4, 385, 11),
(2, 6, 4, 360, 13),
(2, 7, 3, 145, 17),
(2, 8, 4, 440, 1),
(2, 9, 5, 500, 7),
(2, 10, 4, 375, 10),
(2, 11, 3, 185, 16),
(2, 12, 4, 395, 6),
(2, 13, 4, 420, 2),
(2, 14, 4, 380, 12),
(2, 15, 3, 165, 18),
(2, 16, 4, 410, 4),
(2, 17, 5, 525, 8),
(2, 18, 4, 390, 14),
(3, 1, 4, 395, 7),
(3, 2, 3, 170, 15),
(3, 3, 5, 540, 3),
(3, 4, 4, 415, 5),
(3, 5, 4, 380, 11),
(3, 6, 4, 405, 9),
(3, 7, 3, 160, 17),
(3, 8, 5, 510, 1),
(3, 9, 4, 425, 13),
(3, 10, 4, 370, 12),
(3, 11, 4, 390, 8),
(3, 12, 3, 185, 16),
(3, 13, 4, 430, 2),
(3, 14, 5, 520, 6),
(3, 15, 4, 385, 10),
(3, 16, 3, 175, 18),
(3, 17, 4, 410, 4),
(3, 18, 5, 535, 14);

INSERT INTO TeeSets (CourseID, TeeName, CourseRating, SlopeRating) VALUES
(1, 'Championship', 74.2, 138),
(1, 'Blue', 72.5, 132),
(1, 'White', 70.8, 128),
(1, 'Yellow', 69.2, 124),
(1, 'Red', 71.5, 125),
(2, 'Championship', 73.5, 135),
(2, 'Blue', 71.8, 130),
(2, 'White', 70.1, 126),
(2, 'Yellow', 68.5, 122),
(2, 'Red', 70.8, 123),
(3, 'Championship', 75.0, 142),
(3, 'Blue', 73.2, 136),
(3, 'White', 71.5, 130),
(3, 'Yellow', 69.8, 125),
(3, 'Red', 72.0, 128);

INSERT INTO Players (PlayerID, PlayerName, Handicap, HomeVenueID) VALUES
(3001, 'Ludvig Åberg', -6.8, 1),
(3002, 'Viktor Hovland', -5.2, 2),
(3003, 'Alex Norén', -4.1, 1),
(3004, 'Anna Nordqvist', -3.8, 2),
(3005, 'Linn Grant', -2.5, 2),
(3006, 'Cameron Smith', 0.5, 8),
(3007, 'Emma Andersson', 2.8, 1),
(3008, 'James Robertson', 4.2, 6),
(3009, 'Sofia Bergström', 5.6, 3),
(3010, 'Henrik Larsson', 7.3, 1),
(3011, 'Lisa Johansson', 8.9, 2),
(3012, 'Michael Fraser', 9.4, 7),
(3013, 'Sara Nilsson', 10.2, 4),
(3014, 'Oskar Karlsson', 12.5, 1),
(3015, 'Jenny Lindgren', 14.8, 3),
(3016, 'Anders Pettersson', 15.3, 5),
(3017, 'Karin Gustafsson', 16.7, 2),
(3018, 'Thomas Eriksson', 17.9, 1),
(3019, 'Maria Hansson', 18.4, 4),
(3020, 'Robert Svensson', 19.6, 5),
(3021, 'Linda Olsson', 21.3, 3),
(3022, 'Per Magnusson', 23.7, 1),
(3023, 'Eva Persson', 26.2, 2),
(3024, 'Nils Andersson', 28.5, 4),
(3025, 'Ingrid Johansson', 29.8, 5);

INSERT INTO Rounds (CourseID, RoundName, RoundPlayed) VALUES
(1, 'Masters Championship Round 1', '2024-11-18 08:30:00'),
(1, 'Masters Championship Round 2', '2024-11-19 08:30:00'),
(1, 'Masters Championship Final', '2024-11-20 09:00:00'),
(2, 'Donald Steel Pro-Am', '2024-11-15 10:00:00'),
(2, 'Steel Challenge Round 1', '2024-11-16 08:00:00'),
(3, 'PGA Links Championship R1', '2024-11-10 07:30:00'),
(3, 'PGA Links Championship R2', '2024-11-11 07:30:00'),
(3, 'PGA Links Championship R3', '2024-11-12 08:00:00'),
(1, 'Saturday Medal Competition', '2024-11-09 09:30:00'),
(2, 'Midweek Members Round', '2024-11-13 14:00:00'),
(1, 'Elite Practice Session', '2024-11-05 10:00:00'),
(3, 'Pro Group Practice', '2024-11-08 09:00:00'),
(2, 'Ladies Championship', '2024-11-14 10:30:00'),
(1, 'Sunday Club Competition', '2024-11-17 08:00:00'),
(3, 'Scratch Players Invitational', '2024-11-06 08:30:00'),
(1, 'Autumn Series Round 1', '2024-10-25 09:00:00'),
(2, 'Autumn Series Round 2', '2024-10-26 09:00:00'),
(1, 'Club Championship Qualifier', '2024-10-30 08:30:00'),
(3, 'Open Week Round 1', '2024-11-01 07:00:00'),
(2, 'Monthly Medal October', '2024-10-28 10:00:00');

INSERT INTO PlayerRounds (RoundID, PlayerID, TeeSetID) VALUES
(1, 3001, 1),
(1, 3002, 1),
(1, 3003, 1),
(1, 3004, 1),
(2, 3001, 1),
(2, 3002, 1),
(2, 3003, 1),
(2, 3004, 1),
(2, 3005, 1),
(3, 3001, 1),
(3, 3002, 1),
(3, 3003, 1),
(3, 3004, 1),
(3, 3005, 1),
(4, 3005, 6),
(4, 3007, 8),
(4, 3009, 8),
(5, 3006, 6),
(5, 3008, 7),
(5, 3010, 8),
(6, 3001, 11),
(6, 3003, 11),
(6, 3005, 11),
(7, 3002, 11),
(7, 3004, 11),
(7, 3006, 12),
(8, 3001, 11),
(8, 3003, 11),
(8, 3005, 11),
(8, 3007, 13),
(9, 3010, 2),
(9, 3011, 3),
(9, 3012, 3),
(9, 3013, 4),
(10, 3014, 8),
(10, 3015, 9),
(10, 3016, 8),
(11, 3001, 1),
(11, 3002, 1),
(11, 3005, 1),
(12, 3003, 11),
(12, 3004, 11),
(12, 3006, 12),
(13, 3004, 8),
(13, 3007, 8),
(13, 3009, 9),
(13, 3011, 9),
(14, 3014, 2),
(14, 3016, 3),
(14, 3018, 3),
(14, 3020, 4),
(15, 3001, 11),
(15, 3002, 11),
(15, 3003, 11),
(16, 3017, 3),
(16, 3019, 4),
(16, 3021, 5),
(17, 3013, 8),
(17, 3015, 9),
(17, 3022, 9),
(18, 3008, 2),
(18, 3010, 3),
(18, 3012, 3),
(19, 3002, 11),
(19, 3005, 11),
(19, 3006, 12),
(19, 3009, 13),
(20, 3016, 8),
(20, 3018, 8),
(20, 3023, 10),
(20, 3024, 9),
(20, 3025, 10);

INSERT INTO Scores (PlayerRoundID, CourseID, HoleNumber, Strokes, Putts, FairwayHit) VALUES
(1, 1, 1, 3, 1, TRUE),
(1, 1, 2, 4, 1, TRUE),
(1, 1, 3, 3, 2, FALSE),
(1, 1, 4, 4, 2, TRUE),
(1, 1, 5, 3, 1, TRUE),
(1, 1, 6, 4, 2, TRUE),
(1, 1, 7, 3, 2, FALSE),
(1, 1, 8, 4, 1, TRUE),
(1, 1, 9, 4, 2, TRUE),
(1, 1, 10, 4, 2, TRUE),
(1, 1, 11, 3, 1, TRUE),
(1, 1, 12, 3, 2, FALSE),
(1, 1, 13, 4, 1, TRUE),
(1, 1, 14, 4, 2, TRUE),
(1, 1, 15, 4, 2, TRUE),
(1, 1, 16, 3, 2, FALSE),
(1, 1, 17, 4, 2, TRUE),
(1, 1, 18, 4, 1, TRUE),
(2, 1, 1, 3, 1, TRUE),
(2, 1, 2, 5, 2, TRUE),
(2, 1, 3, 3, 2, FALSE),
(2, 1, 4, 4, 2, TRUE),
(2, 1, 5, 4, 2, TRUE),
(2, 1, 6, 4, 2, TRUE),
(2, 1, 7, 3, 2, FALSE),
(2, 1, 8, 4, 1, TRUE),
(2, 1, 9, 3, 1, TRUE),
(2, 1, 10, 4, 2, TRUE),
(2, 1, 11, 3, 1, TRUE),
(2, 1, 12, 3, 2, FALSE),
(2, 1, 13, 5, 2, TRUE),
(2, 1, 14, 4, 2, TRUE),
(2, 1, 15, 4, 2, TRUE),
(2, 1, 16, 2, 1, FALSE),
(2, 1, 17, 4, 2, TRUE),
(2, 1, 18, 5, 2, TRUE),
(3, 1, 1, 4, 2, TRUE),
(3, 1, 2, 4, 1, TRUE),
(3, 1, 3, 3, 2, FALSE),
(3, 1, 4, 4, 2, TRUE),
(3, 1, 5, 3, 1, TRUE),
(3, 1, 6, 4, 2, TRUE),
(3, 1, 7, 2, 1, FALSE),
(3, 1, 8, 5, 2, TRUE),
(3, 1, 9, 4, 2, TRUE),
(3, 1, 10, 4, 2, TRUE),
(3, 1, 11, 4, 2, TRUE),
(3, 1, 12, 3, 2, FALSE),
(3, 1, 13, 5, 2, TRUE),
(3, 1, 14, 3, 1, TRUE),
(3, 1, 15, 4, 2, TRUE),
(3, 1, 16, 3, 2, FALSE),
(3, 1, 17, 4, 2, TRUE),
(3, 1, 18, 5, 2, TRUE),
(4, 1, 1, 4, 2, TRUE),
(4, 1, 2, 4, 1, TRUE),
(4, 1, 3, 2, 1, FALSE),
(4, 1, 4, 4, 2, TRUE),
(4, 1, 5, 4, 2, TRUE),
(4, 1, 6, 3, 1, TRUE),
(4, 1, 7, 3, 2, FALSE),
(4, 1, 8, 4, 1, TRUE),
(4, 1, 9, 4, 2, TRUE),
(4, 1, 10, 4, 2, TRUE),
(4, 1, 11, 4, 2, TRUE),
(4, 1, 12, 3, 2, FALSE),
(4, 1, 13, 5, 2, TRUE),
(4, 1, 14, 3, 1, TRUE),
(4, 1, 15, 4, 2, TRUE),
(4, 1, 16, 3, 2, FALSE),
(4, 1, 17, 4, 2, TRUE),
(4, 1, 18, 5, 2, TRUE),
(5, 1, 1, 3, 1, TRUE),
(5, 1, 2, 4, 1, TRUE),
(5, 1, 3, 2, 1, FALSE),
(5, 1, 4, 4, 2, TRUE),
(5, 1, 5, 3, 1, TRUE),
(5, 1, 6, 4, 2, TRUE),
(5, 1, 7, 3, 2, FALSE),
(5, 1, 8, 4, 1, TRUE),
(5, 1, 9, 3, 1, TRUE),
(5, 1, 10, 4, 2, TRUE),
(5, 1, 11, 3, 1, TRUE),
(5, 1, 12, 3, 2, FALSE),
(5, 1, 13, 4, 1, TRUE),
(5, 1, 14, 4, 2, TRUE),
(5, 1, 15, 4, 2, TRUE),
(5, 1, 16, 3, 2, FALSE),
(5, 1, 17, 4, 2, TRUE),
(5, 1, 18, 4, 1, TRUE),
(6, 1, 1, 3, 1, TRUE),
(6, 1, 2, 4, 1, TRUE),
(6, 1, 3, 3, 2, FALSE),
(6, 1, 4, 4, 2, TRUE),
(6, 1, 5, 4, 2, TRUE),
(6, 1, 6, 4, 2, TRUE),
(6, 1, 7, 3, 2, FALSE),
(6, 1, 8, 4, 1, TRUE),
(6, 1, 9, 4, 2, TRUE),
(6, 1, 10, 4, 2, TRUE),
(6, 1, 11, 3, 1, TRUE),
(6, 1, 12, 3, 2, FALSE),
(6, 1, 13, 5, 2, TRUE),
(6, 1, 14, 4, 2, TRUE),
(6, 1, 15, 4, 2, TRUE),
(6, 1, 16, 2, 1, FALSE),
(6, 1, 17, 4, 2, TRUE),
(6, 1, 18, 5, 2, TRUE),
(7, 1, 1, 3, 1, TRUE),
(7, 1, 2, 4, 1, TRUE),
(7, 1, 3, 3, 2, FALSE),
(7, 1, 4, 4, 2, TRUE),
(7, 1, 5, 4, 2, TRUE),
(7, 1, 6, 4, 2, TRUE),
(7, 1, 7, 3, 2, FALSE),
(7, 1, 8, 4, 1, TRUE),
(7, 1, 9, 4, 2, TRUE),
(7, 1, 10, 4, 2, TRUE),
(7, 1, 11, 4, 2, TRUE),
(7, 1, 12, 3, 2, FALSE),
(7, 1, 13, 5, 2, TRUE),
(7, 1, 14, 4, 2, TRUE),
(7, 1, 15, 4, 2, TRUE),
(7, 1, 16, 3, 2, FALSE),
(7, 1, 17, 4, 2, TRUE),
(7, 1, 18, 4, 1, TRUE),
(8, 1, 1, 3, 1, TRUE),
(8, 1, 2, 4, 1, TRUE),
(8, 1, 3, 3, 2, FALSE),
(8, 1, 4, 4, 2, TRUE),
(8, 1, 5, 4, 2, TRUE),
(8, 1, 6, 4, 2, TRUE),
(8, 1, 7, 3, 2, FALSE),
(8, 1, 8, 5, 2, TRUE),
(8, 1, 9, 4, 2, TRUE),
(8, 1, 10, 4, 2, TRUE),
(8, 1, 11, 4, 2, TRUE),
(8, 1, 12, 3, 2, FALSE),
(8, 1, 13, 5, 2, TRUE),
(8, 1, 14, 4, 2, TRUE),
(8, 1, 15, 4, 2, TRUE),
(8, 1, 16, 3, 2, FALSE),
(8, 1, 17, 4, 2, TRUE),
(8, 1, 18, 5, 2, TRUE),
(9, 1, 1, 3, 1, TRUE),
(9, 1, 2, 4, 1, TRUE),
(9, 1, 3, 3, 2, FALSE),
(9, 1, 4, 4, 2, TRUE),
(9, 1, 5, 3, 1, TRUE),
(9, 1, 6, 4, 2, TRUE),
(9, 1, 7, 3, 2, FALSE),
(9, 1, 8, 4, 1, TRUE),
(9, 1, 9, 4, 2, TRUE),
(9, 1, 10, 4, 2, TRUE),
(9, 1, 11, 3, 1, TRUE),
(9, 1, 12, 3, 2, FALSE),
(9, 1, 13, 5, 2, TRUE),
(9, 1, 14, 4, 2, TRUE),
(9, 1, 15, 4, 2, TRUE),
(9, 1, 16, 3, 2, FALSE),
(9, 1, 17, 4, 2, TRUE),
(9, 1, 18, 5, 2, TRUE),
(10, 1, 1, 3, 1, TRUE),
(10, 1, 2, 4, 1, TRUE),
(10, 1, 3, 2, 1, FALSE),
(10, 1, 4, 4, 2, TRUE),
(10, 1, 5, 4, 2, TRUE),
(10, 1, 6, 4, 2, TRUE),
(10, 1, 7, 3, 2, FALSE),
(10, 1, 8, 4, 1, TRUE),
(10, 1, 9, 3, 1, TRUE),
(10, 1, 10, 4, 2, TRUE),
(10, 1, 11, 3, 1, TRUE),
(10, 1, 12, 3, 2, FALSE),
(10, 1, 13, 4, 1, TRUE),
(10, 1, 14, 4, 2, TRUE),
(10, 1, 15, 4, 2, TRUE),
(10, 1, 16, 3, 2, FALSE),
(10, 1, 17, 4, 2, TRUE),
(10, 1, 18, 4, 1, TRUE),
(11, 1, 1, 3, 1, TRUE),
(11, 1, 2, 4, 1, TRUE),
(11, 1, 3, 3, 2, FALSE),
(11, 1, 4, 4, 2, TRUE),
(11, 1, 5, 3, 1, TRUE),
(11, 1, 6, 4, 2, TRUE),
(11, 1, 7, 3, 2, FALSE),
(11, 1, 8, 4, 1, TRUE),
(11, 1, 9, 4, 2, TRUE),
(11, 1, 10, 4, 2, TRUE),
(11, 1, 11, 3, 1, TRUE),
(11, 1, 12, 3, 2, FALSE),
(11, 1, 13, 5, 2, TRUE),
(11, 1, 14, 4, 2, TRUE),
(11, 1, 15, 4, 2, TRUE),
(11, 1, 16, 3, 2, FALSE),
(11, 1, 17, 4, 2, TRUE),
(11, 1, 18, 5, 2, TRUE),
(12, 1, 1, 4, 2, TRUE),
(12, 1, 2, 4, 1, TRUE),
(12, 1, 3, 3, 2, FALSE),
(12, 1, 4, 4, 2, TRUE),
(12, 1, 5, 4, 2, TRUE),
(12, 1, 6, 4, 2, TRUE),
(12, 1, 7, 3, 2, FALSE),
(12, 1, 8, 4, 1, TRUE),
(12, 1, 9, 4, 2, TRUE),
(12, 1, 10, 4, 2, TRUE),
(12, 1, 11, 4, 2, TRUE),
(12, 1, 12, 3, 2, FALSE),
(12, 1, 13, 5, 2, TRUE),
(12, 1, 14, 4, 2, TRUE),
(12, 1, 15, 4, 2, TRUE),
(12, 1, 16, 3, 2, FALSE),
(12, 1, 17, 5, 3, FALSE),
(12, 1, 18, 5, 2, TRUE),
(13, 1, 1, 4, 2, TRUE),
(13, 1, 2, 5, 2, TRUE),
(13, 1, 3, 3, 2, FALSE),
(13, 1, 4, 4, 2, TRUE),
(13, 1, 5, 4, 2, TRUE),
(13, 1, 6, 4, 2, TRUE),
(13, 1, 7, 3, 2, FALSE),
(13, 1, 8, 5, 2, TRUE),
(13, 1, 9, 4, 2, TRUE),
(13, 1, 10, 4, 2, TRUE),
(13, 1, 11, 4, 2, TRUE),
(13, 1, 12, 3, 2, FALSE),
(13, 1, 13, 5, 2, TRUE),
(13, 1, 14, 4, 2, TRUE),
(13, 1, 15, 4, 2, TRUE),
(13, 1, 16, 3, 2, FALSE),
(13, 1, 17, 4, 2, TRUE),
(13, 1, 18, 5, 2, TRUE),
(14, 1, 1, 4, 2, TRUE),
(14, 1, 2, 5, 2, TRUE),
(14, 1, 3, 3, 2, FALSE),
(14, 1, 4, 4, 2, TRUE),
(14, 1, 5, 4, 2, TRUE),
(14, 1, 6, 4, 2, TRUE),
(14, 1, 7, 3, 2, FALSE),
(14, 1, 8, 5, 2, TRUE),
(14, 1, 9, 4, 2, TRUE),
(14, 1, 10, 4, 2, TRUE),
(14, 1, 11, 4, 2, TRUE),
(14, 1, 12, 3, 2, FALSE),
(14, 1, 13, 5, 2, TRUE),
(14, 1, 14, 4, 2, TRUE),
(14, 1, 15, 4, 2, TRUE),
(14, 1, 16, 3, 2, FALSE),
(14, 1, 17, 4, 2, TRUE),
(14, 1, 18, 5, 2, TRUE),
(15, 2, 1, 4, 2, TRUE),
(15, 2, 2, 4, 2, TRUE),
(15, 2, 3, 3, 2, FALSE),
(15, 2, 4, 4, 1, TRUE),
(15, 2, 5, 4, 2, TRUE),
(15, 2, 6, 4, 2, TRUE),
(15, 2, 7, 3, 2, FALSE),
(15, 2, 8, 4, 2, TRUE),
(15, 2, 9, 5, 2, TRUE),
(15, 2, 10, 4, 2, TRUE),
(15, 2, 11, 3, 2, FALSE),
(15, 2, 12, 4, 2, TRUE),
(15, 2, 13, 4, 2, TRUE),
(15, 2, 14, 4, 2, TRUE),
(15, 2, 15, 3, 2, FALSE),
(15, 2, 16, 4, 2, TRUE),
(15, 2, 17, 5, 2, TRUE),
(15, 2, 18, 4, 2, TRUE),
(16, 2, 1, 4, 2, TRUE),
(16, 2, 2, 5, 2, FALSE),
(16, 2, 3, 3, 2, FALSE),
(16, 2, 4, 5, 2, TRUE),
(16, 2, 5, 4, 2, TRUE),
(16, 2, 6, 4, 2, TRUE),
(16, 2, 7, 3, 2, FALSE),
(16, 2, 8, 5, 3, FALSE),
(16, 2, 9, 5, 2, TRUE),
(16, 2, 10, 4, 2, TRUE),
(16, 2, 11, 3, 2, FALSE),
(16, 2, 12, 4, 2, TRUE),
(16, 2, 13, 4, 2, TRUE),
(16, 2, 14, 4, 2, TRUE),
(16, 2, 15, 3, 2, FALSE),
(16, 2, 16, 4, 2, TRUE),
(16, 2, 17, 5, 2, TRUE),
(16, 2, 18, 5, 3, FALSE),
(17, 2, 1, 4, 2, TRUE),
(17, 2, 2, 4, 2, TRUE),
(17, 2, 3, 3, 2, FALSE),
(17, 2, 4, 5, 2, TRUE),
(17, 2, 5, 4, 2, TRUE),
(17, 2, 6, 4, 2, TRUE),
(17, 2, 7, 3, 2, FALSE),
(17, 2, 8, 4, 2, TRUE),
(17, 2, 9, 5, 2, TRUE),
(17, 2, 10, 4, 2, TRUE),
(17, 2, 11, 3, 2, FALSE),
(17, 2, 12, 4, 2, TRUE),
(17, 2, 13, 4, 2, TRUE),
(17, 2, 14, 4, 2, TRUE),
(17, 2, 15, 3, 2, FALSE),
(17, 2, 16, 4, 2, TRUE),
(17, 2, 17, 5, 2, TRUE),
(17, 2, 18, 4, 2, TRUE),
(18, 2, 1, 4, 2, TRUE),
(18, 2, 2, 4, 2, TRUE),
(18, 2, 3, 3, 2, FALSE),
(18, 2, 4, 5, 2, TRUE),
(18, 2, 5, 4, 2, TRUE),
(18, 2, 6, 3, 1, TRUE),
(18, 2, 7, 3, 2, FALSE),
(18, 2, 8, 4, 2, TRUE),
(18, 2, 9, 5, 2, TRUE),
(18, 2, 10, 4, 2, TRUE),
(18, 2, 11, 3, 2, FALSE),
(18, 2, 12, 4, 2, TRUE),
(18, 2, 13, 4, 2, TRUE),
(18, 2, 14, 4, 2, TRUE),
(18, 2, 15, 3, 2, FALSE),
(18, 2, 16, 4, 2, TRUE),
(18, 2, 17, 5, 2, TRUE),
(18, 2, 18, 4, 2, TRUE),
(19, 2, 1, 4, 2, TRUE),
(19, 2, 2, 5, 2, TRUE),
(19, 2, 3, 3, 2, FALSE),
(19, 2, 4, 5, 2, TRUE),
(19, 2, 5, 5, 2, FALSE),
(19, 2, 6, 4, 2, TRUE),
(19, 2, 7, 3, 2, FALSE),
(19, 2, 8, 5, 2, FALSE),
(19, 2, 9, 5, 2, TRUE),
(19, 2, 10, 4, 2, TRUE),
(19, 2, 11, 3, 2, FALSE),
(19, 2, 12, 5, 3, FALSE),
(19, 2, 13, 5, 3, FALSE),
(19, 2, 14, 5, 2, TRUE),
(19, 2, 15, 4, 3, FALSE),
(19, 2, 16, 4, 2, TRUE),
(19, 2, 17, 6, 2, TRUE),
(19, 2, 18, 5, 3, FALSE),
(20, 2, 1, 5, 2, FALSE),
(20, 2, 2, 5, 2, FALSE),
(20, 2, 3, 4, 2, FALSE),
(20, 2, 4, 6, 3, FALSE),
(20, 2, 5, 5, 2, TRUE),
(20, 2, 6, 5, 2, FALSE),
(20, 2, 7, 4, 2, FALSE),
(20, 2, 8, 5, 3, FALSE),
(20, 2, 9, 6, 2, TRUE),
(20, 2, 10, 5, 2, FALSE),
(20, 2, 11, 4, 3, FALSE),
(20, 2, 12, 5, 3, FALSE),
(20, 2, 13, 5, 2, TRUE),
(20, 2, 14, 5, 2, FALSE),
(20, 2, 15, 4, 2, FALSE),
(20, 2, 16, 5, 3, FALSE),
(20, 2, 17, 6, 2, TRUE),
(20, 2, 18, 5, 2, TRUE),
(21, 3, 1, 3, 1, TRUE),
(21, 3, 2, 3, 2, FALSE),
(21, 3, 3, 4, 1, TRUE),
(21, 3, 4, 4, 2, TRUE),
(21, 3, 5, 4, 2, TRUE),
(21, 3, 6, 4, 2, TRUE),
(21, 3, 7, 3, 2, FALSE),
(21, 3, 8, 4, 1, TRUE),
(21, 3, 9, 4, 2, TRUE),
(21, 3, 10, 4, 2, TRUE),
(21, 3, 11, 3, 1, TRUE),
(21, 3, 12, 3, 2, FALSE),
(21, 3, 13, 4, 2, TRUE),
(21, 3, 14, 5, 2, TRUE),
(21, 3, 15, 4, 2, TRUE),
(21, 3, 16, 3, 2, FALSE),
(21, 3, 17, 4, 2, TRUE),
(21, 3, 18, 5, 2, TRUE),
(22, 3, 1, 4, 2, TRUE),
(22, 3, 2, 3, 2, FALSE),
(22, 3, 3, 4, 1, TRUE),
(22, 3, 4, 4, 2, TRUE),
(22, 3, 5, 4, 2, TRUE),
(22, 3, 6, 4, 2, TRUE),
(22, 3, 7, 3, 2, FALSE),
(22, 3, 8, 4, 1, TRUE),
(22, 3, 9, 4, 2, TRUE),
(22, 3, 10, 4, 2, TRUE),
(22, 3, 11, 4, 2, TRUE),
(22, 3, 12, 3, 2, FALSE),
(22, 3, 13, 4, 2, TRUE),
(22, 3, 14, 5, 2, TRUE),
(22, 3, 15, 3, 1, TRUE),
(22, 3, 16, 3, 2, FALSE),
(22, 3, 17, 4, 2, TRUE),
(22, 3, 18, 5, 2, TRUE),
(23, 3, 1, 4, 2, TRUE),
(23, 3, 2, 3, 2, FALSE),
(23, 3, 3, 5, 2, TRUE),
(23, 3, 4, 4, 2, TRUE),
(23, 3, 5, 4, 2, TRUE),
(23, 3, 6, 3, 1, TRUE),
(23, 3, 7, 3, 2, FALSE),
(23, 3, 8, 4, 1, TRUE),
(23, 3, 9, 4, 2, TRUE),
(23, 3, 10, 4, 2, TRUE),
(23, 3, 11, 4, 2, TRUE),
(23, 3, 12, 3, 2, FALSE),
(23, 3, 13, 4, 2, TRUE),
(23, 3, 14, 5, 2, TRUE),
(23, 3, 15, 4, 2, TRUE),
(23, 3, 16, 3, 2, FALSE),
(23, 3, 17, 4, 2, TRUE),
(23, 3, 18, 5, 2, TRUE),
(24, 3, 1, 3, 1, TRUE),
(24, 3, 2, 3, 2, FALSE),
(24, 3, 3, 5, 2, TRUE),
(24, 3, 4, 4, 2, TRUE),
(24, 3, 5, 4, 2, TRUE),
(24, 3, 6, 4, 2, TRUE),
(24, 3, 7, 3, 2, FALSE),
(24, 3, 8, 5, 2, TRUE),
(24, 3, 9, 4, 2, TRUE),
(24, 3, 10, 4, 2, TRUE),
(24, 3, 11, 4, 2, TRUE),
(24, 3, 12, 3, 2, FALSE),
(24, 3, 13, 4, 2, TRUE),
(24, 3, 14, 5, 2, TRUE),
(24, 3, 15, 4, 2, TRUE),
(24, 3, 16, 3, 2, FALSE),
(24, 3, 17, 4, 2, TRUE),
(24, 3, 18, 5, 2, TRUE),
(25, 3, 1, 4, 2, TRUE),
(25, 3, 2, 3, 2, FALSE),
(25, 3, 3, 5, 2, TRUE),
(25, 3, 4, 4, 2, TRUE),
(25, 3, 5, 4, 2, TRUE),
(25, 3, 6, 4, 2, TRUE),
(25, 3, 7, 3, 2, FALSE),
(25, 3, 8, 5, 2, TRUE),
(25, 3, 9, 4, 2, TRUE),
(25, 3, 10, 4, 2, TRUE),
(25, 3, 11, 4, 2, TRUE),
(25, 3, 12, 3, 2, FALSE),
(25, 3, 13, 4, 2, TRUE),
(25, 3, 14, 5, 2, TRUE),
(25, 3, 15, 4, 2, TRUE),
(25, 3, 16, 3, 2, FALSE),
(25, 3, 17, 4, 2, TRUE),
(25, 3, 18, 5, 2, TRUE),
(26, 3, 1, 4, 2, TRUE),
(26, 3, 2, 3, 2, FALSE),
(26, 3, 3, 5, 2, TRUE),
(26, 3, 4, 5, 2, FALSE),
(26, 3, 5, 4, 2, TRUE),
(26, 3, 6, 4, 2, TRUE),
(26, 3, 7, 3, 2, FALSE),
(26, 3, 8, 5, 2, TRUE),
(26, 3, 9, 5, 2, FALSE),
(26, 3, 10, 4, 2, TRUE),
(26, 3, 11, 4, 2, TRUE),
(26, 3, 12, 3, 2, FALSE),
(26, 3, 13, 4, 2, TRUE),
(26, 3, 14, 5, 2, TRUE),
(26, 3, 15, 5, 2, FALSE),
(26, 3, 16, 3, 2, FALSE),
(26, 3, 17, 4, 2, TRUE),
(26, 3, 18, 6, 3, TRUE),
(27, 3, 1, 3, 1, TRUE),
(27, 3, 2, 3, 2, FALSE),
(27, 3, 3, 4, 1, TRUE),
(27, 3, 4, 4, 2, TRUE),
(27, 3, 5, 4, 2, TRUE),
(27, 3, 6, 4, 2, TRUE),
(27, 3, 7, 3, 2, FALSE),
(27, 3, 8, 4, 1, TRUE),
(27, 3, 9, 4, 2, TRUE),
(27, 3, 10, 4, 2, TRUE),
(27, 3, 11, 4, 2, TRUE),
(27, 3, 12, 3, 2, FALSE),
(27, 3, 13, 4, 2, TRUE),
(27, 3, 14, 5, 2, TRUE),
(27, 3, 15, 4, 2, TRUE),
(27, 3, 16, 3, 2, FALSE),
(27, 3, 17, 4, 2, TRUE),
(27, 3, 18, 5, 2, TRUE),
(28, 3, 1, 3, 1, TRUE),
(28, 3, 2, 3, 2, FALSE),
(28, 3, 3, 5, 2, TRUE),
(28, 3, 4, 4, 2, TRUE),
(28, 3, 5, 4, 2, TRUE),
(28, 3, 6, 4, 2, TRUE),
(28, 3, 7, 3, 2, FALSE),
(28, 3, 8, 4, 1, TRUE),
(28, 3, 9, 4, 2, TRUE),
(28, 3, 10, 4, 2, TRUE),
(28, 3, 11, 3, 1, TRUE),
(28, 3, 12, 3, 2, FALSE),
(28, 3, 13, 4, 2, TRUE),
(28, 3, 14, 5, 2, TRUE),
(28, 3, 15, 4, 2, TRUE),
(28, 3, 16, 3, 2, FALSE),
(28, 3, 17, 4, 2, TRUE),
(28, 3, 18, 5, 2, TRUE),
(29, 3, 1, 4, 2, TRUE),
(29, 3, 2, 3, 2, FALSE),
(29, 3, 3, 5, 2, TRUE),
(29, 3, 4, 4, 2, TRUE),
(29, 3, 5, 4, 2, TRUE),
(29, 3, 6, 4, 2, TRUE),
(29, 3, 7, 3, 2, FALSE),
(29, 3, 8, 4, 1, TRUE),
(29, 3, 9, 4, 2, TRUE),
(29, 3, 10, 4, 2, TRUE),
(29, 3, 11, 4, 2, TRUE),
(29, 3, 12, 3, 2, FALSE),
(29, 3, 13, 4, 2, TRUE),
(29, 3, 14, 5, 2, TRUE),
(29, 3, 15, 4, 2, TRUE),
(29, 3, 16, 3, 2, FALSE),
(29, 3, 17, 4, 2, TRUE),
(29, 3, 18, 5, 2, TRUE),
(30, 3, 1, 4, 2, TRUE),
(30, 3, 2, 3, 2, FALSE),
(30, 3, 3, 5, 2, TRUE),
(30, 3, 4, 5, 2, FALSE),
(30, 3, 5, 5, 2, FALSE),
(30, 3, 6, 5, 3, FALSE),
(30, 3, 7, 4, 2, FALSE),
(30, 3, 8, 6, 2, TRUE),
(30, 3, 9, 5, 3, FALSE),
(30, 3, 10, 5, 2, FALSE),
(30, 3, 11, 5, 2, FALSE),
(30, 3, 12, 4, 3, FALSE),
(30, 3, 13, 5, 3, FALSE),
(30, 3, 14, 6, 3, TRUE),
(30, 3, 15, 5, 2, FALSE),
(30, 3, 16, 4, 2, FALSE),
(30, 3, 17, 5, 3, FALSE),
(30, 3, 18, 6, 2, TRUE),
(31, 1, 1, 5, 2, FALSE),
(31, 1, 2, 5, 2, TRUE),
(31, 1, 3, 4, 2, FALSE),
(31, 1, 4, 5, 3, FALSE),
(31, 1, 5, 5, 2, FALSE),
(31, 1, 6, 5, 2, FALSE),
(31, 1, 7, 3, 2, FALSE),
(31, 1, 8, 6, 2, TRUE),
(31, 1, 9, 5, 3, FALSE),
(31, 1, 10, 4, 2, TRUE),
(31, 1, 11, 5, 3, FALSE),
(31, 1, 12, 4, 2, FALSE),
(31, 1, 13, 6, 3, TRUE),
(31, 1, 14, 5, 2, FALSE),
(31, 1, 15, 5, 3, FALSE),
(31, 1, 16, 3, 2, FALSE),
(31, 1, 17, 5, 2, TRUE),
(31, 1, 18, 6, 2, TRUE),
(32, 1, 1, 5, 2, FALSE),
(32, 1, 2, 6, 3, FALSE),
(32, 1, 3, 4, 2, FALSE),
(32, 1, 4, 5, 2, FALSE),
(32, 1, 5, 5, 3, FALSE),
(32, 1, 6, 5, 2, FALSE),
(32, 1, 7, 4, 2, FALSE),
(32, 1, 8, 6, 2, TRUE),
(32, 1, 9, 5, 2, FALSE),
(32, 1, 10, 5, 3, FALSE),
(32, 1, 11, 5, 2, FALSE),
(32, 1, 12, 4, 2, FALSE),
(32, 1, 13, 6, 2, TRUE),
(32, 1, 14, 5, 3, FALSE),
(32, 1, 15, 6, 3, FALSE),
(32, 1, 16, 4, 2, FALSE),
(32, 1, 17, 5, 3, FALSE),
(32, 1, 18, 6, 2, TRUE),
(33, 1, 1, 4, 2, TRUE),
(33, 1, 2, 5, 2, TRUE),
(33, 1, 3, 4, 2, FALSE),
(33, 1, 4, 5, 2, FALSE),
(33, 1, 5, 4, 2, TRUE),
(33, 1, 6, 4, 2, TRUE),
(33, 1, 7, 3, 2, FALSE),
(33, 1, 8, 5, 2, TRUE),
(33, 1, 9, 5, 2, FALSE),
(33, 1, 10, 4, 2, TRUE),
(33, 1, 11, 4, 2, TRUE),
(33, 1, 12, 3, 2, FALSE),
(33, 1, 13, 5, 2, TRUE),
(33, 1, 14, 4, 2, TRUE),
(33, 1, 15, 5, 3, FALSE),
(33, 1, 16, 3, 2, FALSE),
(33, 1, 17, 4, 2, TRUE),
(33, 1, 18, 5, 2, TRUE),
(34, 1, 1, 5, 2, FALSE),
(34, 1, 2, 5, 2, TRUE),
(34, 1, 3, 4, 2, FALSE),
(34, 1, 4, 5, 2, FALSE),
(34, 1, 5, 5, 2, FALSE),
(34, 1, 6, 5, 2, FALSE),
(34, 1, 7, 4, 2, FALSE),
(34, 1, 8, 6, 2, TRUE),
(34, 1, 9, 5, 2, FALSE),
(34, 1, 10, 5, 2, FALSE),
(34, 1, 11, 5, 3, FALSE),
(34, 1, 12, 4, 2, FALSE),
(34, 1, 13, 6, 2, TRUE),
(34, 1, 14, 5, 2, FALSE),
(34, 1, 15, 5, 3, FALSE),
(34, 1, 16, 4, 2, FALSE),
(34, 1, 17, 5, 2, TRUE),
(34, 1, 18, 6, 3, TRUE),
(35, 1, 1, 5, 2, FALSE),
(35, 1, 2, 6, 2, TRUE),
(35, 1, 3, 4, 2, FALSE),
(35, 1, 4, 6, 3, FALSE),
(35, 1, 5, 5, 3, FALSE),
(35, 1, 6, 5, 2, FALSE),
(35, 1, 7, 4, 2, FALSE),
(35, 1, 8, 7, 3, FALSE),
(35, 1, 9, 5, 2, FALSE),
(35, 1, 10, 5, 3, FALSE),
(35, 1, 11, 6, 3, FALSE),
(35, 1, 12, 4, 2, FALSE),
(35, 1, 13, 7, 3, TRUE),
(35, 1, 14, 5, 2, FALSE),
(35, 1, 15, 6, 3, FALSE),
(35, 1, 16, 4, 2, FALSE),
(35, 1, 17, 5, 3, FALSE),
(35, 1, 18, 7, 3, TRUE),
(36, 1, 1, 4, 2, TRUE),
(36, 1, 2, 5, 2, TRUE),
(36, 1, 3, 3, 2, FALSE),
(36, 1, 4, 5, 2, FALSE),
(36, 1, 5, 5, 2, FALSE),
(36, 1, 6, 4, 2, TRUE),
(36, 1, 7, 3, 2, FALSE),
(36, 1, 8, 5, 2, TRUE),
(36, 1, 9, 5, 2, FALSE),
(36, 1, 10, 4, 2, TRUE),
(36, 1, 11, 5, 2, FALSE),
(36, 1, 12, 4, 2, FALSE),
(36, 1, 13, 5, 2, TRUE),
(36, 1, 14, 4, 2, TRUE),
(36, 1, 15, 5, 2, FALSE),
(36, 1, 16, 3, 2, FALSE),
(36, 1, 17, 5, 2, FALSE),
(36, 1, 18, 6, 2, TRUE),
(37, 1, 1, 3, 1, TRUE),
(37, 1, 2, 4, 1, TRUE),
(37, 1, 3, 3, 2, FALSE),
(37, 1, 4, 4, 2, TRUE),
(37, 1, 5, 3, 1, TRUE),
(37, 1, 6, 4, 2, TRUE),
(37, 1, 7, 3, 2, FALSE),
(37, 1, 8, 4, 1, TRUE),
(37, 1, 9, 4, 2, TRUE),
(37, 1, 10, 4, 2, TRUE),
(37, 1, 11, 3, 1, TRUE),
(37, 1, 12, 3, 2, FALSE),
(37, 1, 13, 5, 2, TRUE),
(37, 1, 14, 4, 2, TRUE),
(37, 1, 15, 4, 2, TRUE),
(37, 1, 16, 3, 2, FALSE),
(37, 1, 17, 4, 2, TRUE),
(37, 1, 18, 5, 2, TRUE),
(38, 1, 1, 3, 1, TRUE),
(38, 1, 2, 5, 2, TRUE),
(38, 1, 3, 3, 2, FALSE),
(38, 1, 4, 4, 2, TRUE),
(38, 1, 5, 4, 2, TRUE),
(38, 1, 6, 4, 2, TRUE),
(38, 1, 7, 3, 2, FALSE),
(38, 1, 8, 4, 1, TRUE),
(38, 1, 9, 4, 2, TRUE),
(38, 1, 10, 4, 2, TRUE),
(38, 1, 11, 3, 1, TRUE),
(38, 1, 12, 3, 2, FALSE),
(38, 1, 13, 5, 2, TRUE),
(38, 1, 14, 4, 2, TRUE),
(38, 1, 15, 4, 2, TRUE),
(38, 1, 16, 3, 2, FALSE),
(38, 1, 17, 4, 2, TRUE),
(38, 1, 18, 5, 2, TRUE),
(39, 1, 1, 4, 2, TRUE),
(39, 1, 2, 4, 1, TRUE),
(39, 1, 3, 3, 2, FALSE),
(39, 1, 4, 4, 2, TRUE),
(39, 1, 5, 3, 1, TRUE),
(39, 1, 6, 4, 2, TRUE),
(39, 1, 7, 3, 2, FALSE),
(39, 1, 8, 5, 2, TRUE),
(39, 1, 9, 4, 2, TRUE),
(39, 1, 10, 4, 2, TRUE),
(39, 1, 11, 4, 2, TRUE),
(39, 1, 12, 3, 2, FALSE),
(39, 1, 13, 5, 2, TRUE),
(39, 1, 14, 4, 2, TRUE),
(39, 1, 15, 4, 2, TRUE),
(39, 1, 16, 3, 2, FALSE),
(39, 1, 17, 4, 2, TRUE),
(39, 1, 18, 5, 2, TRUE),
(40, 3, 1, 4, 2, TRUE),
(40, 3, 2, 3, 2, FALSE),
(40, 3, 3, 4, 1, TRUE),
(40, 3, 4, 4, 2, TRUE),
(40, 3, 5, 4, 2, TRUE),
(40, 3, 6, 4, 2, TRUE),
(40, 3, 7, 3, 2, FALSE),
(40, 3, 8, 4, 1, TRUE),
(40, 3, 9, 4, 2, TRUE),
(40, 3, 10, 4, 2, TRUE),
(40, 3, 11, 4, 2, TRUE),
(40, 3, 12, 3, 2, FALSE),
(40, 3, 13, 4, 2, TRUE),
(40, 3, 14, 5, 2, TRUE),
(40, 3, 15, 4, 2, TRUE),
(40, 3, 16, 3, 2, FALSE),
(40, 3, 17, 4, 2, TRUE),
(40, 3, 18, 5, 2, TRUE),
(41, 3, 1, 4, 2, TRUE),
(41, 3, 2, 3, 2, FALSE),
(41, 3, 3, 4, 1, TRUE),
(41, 3, 4, 4, 2, TRUE),
(41, 3, 5, 4, 2, TRUE),
(41, 3, 6, 4, 2, TRUE),
(41, 3, 7, 3, 2, FALSE),
(41, 3, 8, 4, 1, TRUE),
(41, 3, 9, 4, 2, TRUE),
(41, 3, 10, 4, 2, TRUE),
(41, 3, 11, 4, 2, TRUE),
(41, 3, 12, 3, 2, FALSE),
(41, 3, 13, 4, 2, TRUE),
(41, 3, 14, 5, 2, TRUE),
(41, 3, 15, 4, 2, TRUE),
(41, 3, 16, 3, 2, FALSE),
(41, 3, 17, 4, 2, TRUE),
(41, 3, 18, 5, 2, TRUE),
(42, 3, 1, 3, 1, TRUE),
(42, 3, 2, 3, 2, FALSE),
(42, 3, 3, 5, 2, TRUE),
(42, 3, 4, 4, 2, TRUE),
(42, 3, 5, 4, 2, TRUE),
(42, 3, 6, 4, 2, TRUE),
(42, 3, 7, 3, 2, FALSE),
(42, 3, 8, 4, 1, TRUE),
(42, 3, 9, 4, 2, TRUE),
(42, 3, 10, 4, 2, TRUE),
(42, 3, 11, 4, 2, TRUE),
(42, 3, 12, 3, 2, FALSE),
(42, 3, 13, 4, 2, TRUE),
(42, 3, 14, 5, 2, TRUE),
(42, 3, 15, 4, 2, TRUE),
(42, 3, 16, 3, 2, FALSE),
(42, 3, 17, 4, 2, TRUE),
(42, 3, 18, 5, 2, TRUE),
(43, 2, 1, 4, 2, TRUE),
(43, 2, 2, 4, 2, TRUE),
(43, 2, 3, 3, 2, FALSE),
(43, 2, 4, 5, 2, TRUE),
(43, 2, 5, 4, 2, TRUE),
(43, 2, 6, 4, 2, TRUE),
(43, 2, 7, 3, 2, FALSE),
(43, 2, 8, 4, 2, TRUE),
(43, 2, 9, 5, 2, TRUE),
(43, 2, 10, 4, 2, TRUE),
(43, 2, 11, 3, 2, FALSE),
(43, 2, 12, 4, 2, TRUE),
(43, 2, 13, 4, 2, TRUE),
(43, 2, 14, 4, 2, TRUE),
(43, 2, 15, 3, 2, FALSE),
(43, 2, 16, 4, 2, TRUE),
(43, 2, 17, 5, 2, TRUE),
(43, 2, 18, 4, 2, TRUE),
(44, 2, 1, 4, 2, TRUE),
(44, 2, 2, 5, 2, FALSE),
(44, 2, 3, 3, 2, FALSE),
(44, 2, 4, 5, 2, TRUE),
(44, 2, 5, 4, 2, TRUE),
(44, 2, 6, 4, 2, TRUE),
(44, 2, 7, 3, 2, FALSE),
(44, 2, 8, 5, 2, FALSE),
(44, 2, 9, 5, 2, TRUE),
(44, 2, 10, 4, 2, TRUE),
(44, 2, 11, 3, 2, FALSE),
(44, 2, 12, 4, 2, TRUE),
(44, 2, 13, 4, 2, TRUE),
(44, 2, 14, 4, 2, TRUE),
(44, 2, 15, 3, 2, FALSE),
(44, 2, 16, 5, 3, FALSE),
(44, 2, 17, 5, 2, TRUE),
(44, 2, 18, 4, 2, TRUE),
(45, 2, 1, 4, 2, TRUE),
(45, 2, 2, 4, 2, TRUE),
(45, 2, 3, 3, 2, FALSE),
(45, 2, 4, 5, 2, TRUE),
(45, 2, 5, 4, 2, TRUE),
(45, 2, 6, 4, 2, TRUE),
(45, 2, 7, 3, 2, FALSE),
(45, 2, 8, 4, 2, TRUE),
(45, 2, 9, 5, 2, TRUE),
(45, 2, 10, 4, 2, TRUE),
(45, 2, 11, 3, 2, FALSE),
(45, 2, 12, 4, 2, TRUE),
(45, 2, 13, 4, 2, TRUE),
(45, 2, 14, 4, 2, TRUE),
(45, 2, 15, 3, 2, FALSE),
(45, 2, 16, 4, 2, TRUE),
(45, 2, 17, 5, 2, TRUE),
(45, 2, 18, 4, 2, TRUE),
(46, 2, 1, 4, 2, TRUE),
(46, 2, 2, 4, 2, TRUE),
(46, 2, 3, 3, 2, FALSE),
(46, 2, 4, 5, 2, TRUE),
(46, 2, 5, 4, 2, TRUE),
(46, 2, 6, 4, 2, TRUE),
(46, 2, 7, 3, 2, FALSE),
(46, 2, 8, 4, 2, TRUE),
(46, 2, 9, 5, 2, TRUE),
(46, 2, 10, 4, 2, TRUE),
(46, 2, 11, 3, 2, FALSE),
(46, 2, 12, 4, 2, TRUE),
(46, 2, 13, 5, 3, FALSE),
(46, 2, 14, 4, 2, TRUE),
(46, 2, 15, 3, 2, FALSE),
(46, 2, 16, 4, 2, TRUE),
(46, 2, 17, 5, 2, TRUE),
(46, 2, 18, 4, 2, TRUE),
(47, 1, 1, 4, 2, TRUE),
(47, 1, 2, 5, 2, TRUE),
(47, 1, 3, 4, 2, FALSE),
(47, 1, 4, 5, 2, FALSE),
(47, 1, 5, 4, 2, TRUE),
(47, 1, 6, 5, 2, FALSE),
(47, 1, 7, 3, 2, FALSE),
(47, 1, 8, 6, 2, TRUE),
(47, 1, 9, 5, 2, FALSE),
(47, 1, 10, 4, 2, TRUE),
(47, 1, 11, 5, 2, FALSE),
(47, 1, 12, 4, 2, FALSE),
(47, 1, 13, 6, 3, TRUE),
(47, 1, 14, 5, 2, FALSE),
(47, 1, 15, 5, 3, FALSE),
(47, 1, 16, 3, 2, FALSE),
(47, 1, 17, 5, 2, TRUE),
(47, 1, 18, 6, 2, TRUE),
(48, 1, 1, 5, 2, FALSE),
(48, 1, 2, 6, 3, FALSE),
(48, 1, 3, 4, 2, FALSE),
(48, 1, 4, 5, 3, FALSE),
(48, 1, 5, 5, 2, FALSE),
(48, 1, 6, 5, 2, FALSE),
(48, 1, 7, 4, 2, FALSE),
(48, 1, 8, 6, 2, TRUE),
(48, 1, 9, 5, 3, FALSE),
(48, 1, 10, 5, 2, FALSE),
(48, 1, 11, 5, 3, FALSE),
(48, 1, 12, 4, 2, FALSE),
(48, 1, 13, 6, 2, TRUE),
(48, 1, 14, 5, 3, FALSE),
(48, 1, 15, 6, 3, FALSE),
(48, 1, 16, 4, 2, FALSE),
(48, 1, 17, 5, 2, TRUE),
(48, 1, 18, 7, 3, TRUE),
(49, 1, 1, 4, 2, TRUE),
(49, 1, 2, 5, 2, TRUE),
(49, 1, 3, 4, 2, FALSE),
(49, 1, 4, 5, 2, FALSE),
(49, 1, 5, 5, 2, FALSE),
(49, 1, 6, 4, 2, TRUE),
(49, 1, 7, 4, 2, FALSE),
(49, 1, 8, 6, 2, TRUE),
(49, 1, 9, 5, 2, FALSE),
(49, 1, 10, 5, 2, FALSE),
(49, 1, 11, 5, 3, FALSE),
(49, 1, 12, 4, 2, FALSE),
(49, 1, 13, 6, 2, TRUE),
(49, 1, 14, 5, 2, FALSE),
(49, 1, 15, 5, 3, FALSE),
(49, 1, 16, 3, 2, FALSE),
(49, 1, 17, 5, 2, TRUE),
(49, 1, 18, 6, 2, TRUE),
(50, 1, 1, 5, 2, FALSE),
(50, 1, 2, 6, 2, TRUE),
(50, 1, 3, 4, 2, FALSE),
(50, 1, 4, 6, 3, FALSE),
(50, 1, 5, 5, 3, FALSE),
(50, 1, 6, 5, 2, FALSE),
(50, 1, 7, 4, 2, FALSE),
(50, 1, 8, 7, 3, FALSE),
(50, 1, 9, 5, 2, FALSE),
(50, 1, 10, 5, 3, FALSE),
(50, 1, 11, 6, 3, FALSE),
(50, 1, 12, 4, 2, FALSE),
(50, 1, 13, 7, 3, TRUE),
(50, 1, 14, 5, 3, FALSE),
(50, 1, 15, 6, 3, FALSE),
(50, 1, 16, 4, 2, FALSE),
(50, 1, 17, 5, 3, FALSE),
(50, 1, 18, 7, 3, TRUE),
(51, 3, 1, 3, 1, TRUE),
(51, 3, 2, 3, 2, FALSE),
(51, 3, 3, 5, 2, TRUE),
(51, 3, 4, 4, 2, TRUE),
(51, 3, 5, 4, 2, TRUE),
(51, 3, 6, 4, 2, TRUE),
(51, 3, 7, 3, 2, FALSE),
(51, 3, 8, 4, 1, TRUE),
(51, 3, 9, 4, 2, TRUE),
(51, 3, 10, 4, 2, TRUE),
(51, 3, 11, 3, 1, TRUE),
(51, 3, 12, 3, 2, FALSE),
(51, 3, 13, 4, 2, TRUE),
(51, 3, 14, 5, 2, TRUE),
(51, 3, 15, 4, 2, TRUE),
(51, 3, 16, 3, 2, FALSE),
(51, 3, 17, 4, 2, TRUE),
(51, 3, 18, 5, 2, TRUE),
(52, 3, 1, 3, 1, TRUE),
(52, 3, 2, 3, 2, FALSE),
(52, 3, 3, 4, 1, TRUE),
(52, 3, 4, 4, 2, TRUE),
(52, 3, 5, 4, 2, TRUE),
(52, 3, 6, 4, 2, TRUE),
(52, 3, 7, 3, 2, FALSE),
(52, 3, 8, 4, 1, TRUE),
(52, 3, 9, 4, 2, TRUE),
(52, 3, 10, 4, 2, TRUE),
(52, 3, 11, 4, 2, TRUE),
(52, 3, 12, 3, 2, FALSE),
(52, 3, 13, 4, 2, TRUE),
(52, 3, 14, 5, 2, TRUE),
(52, 3, 15, 4, 2, TRUE),
(52, 3, 16, 3, 2, FALSE),
(52, 3, 17, 4, 2, TRUE),
(52, 3, 18, 5, 2, TRUE),
(53, 3, 1, 4, 2, TRUE),
(53, 3, 2, 3, 2, FALSE),
(53, 3, 3, 4, 1, TRUE),
(53, 3, 4, 4, 2, TRUE),
(53, 3, 5, 4, 2, TRUE),
(53, 3, 6, 4, 2, TRUE),
(53, 3, 7, 3, 2, FALSE),
(53, 3, 8, 4, 1, TRUE),
(53, 3, 9, 4, 2, TRUE),
(53, 3, 10, 4, 2, TRUE),
(53, 3, 11, 4, 2, TRUE),
(53, 3, 12, 3, 2, FALSE),
(53, 3, 13, 4, 2, TRUE),
(53, 3, 14, 5, 2, TRUE),
(53, 3, 15, 4, 2, TRUE),
(53, 3, 16, 3, 2, FALSE),
(53, 3, 17, 4, 2, TRUE),
(53, 3, 18, 5, 2, TRUE),
(54, 1, 1, 4, 2, TRUE),
(54, 1, 2, 5, 2, TRUE),
(54, 1, 3, 4, 2, FALSE),
(54, 1, 4, 5, 2, FALSE),
(54, 1, 5, 5, 2, FALSE),
(54, 1, 6, 4, 2, TRUE),
(54, 1, 7, 3, 2, FALSE),
(54, 1, 8, 6, 2, TRUE),
(54, 1, 9, 5, 2, FALSE),
(54, 1, 10, 4, 2, TRUE),
(54, 1, 11, 5, 2, FALSE),
(54, 1, 12, 3, 2, FALSE),
(54, 1, 13, 6, 2, TRUE),
(54, 1, 14, 5, 2, FALSE),
(54, 1, 15, 5, 3, FALSE),
(54, 1, 16, 3, 2, FALSE),
(54, 1, 17, 5, 2, TRUE),
(54, 1, 18, 6, 2, TRUE),
(55, 1, 1, 4, 2, TRUE),
(55, 1, 2, 5, 2, TRUE),
(55, 1, 3, 3, 2, FALSE),
(55, 1, 4, 5, 2, FALSE),
(55, 1, 5, 4, 2, TRUE),
(55, 1, 6, 4, 2, TRUE),
(55, 1, 7, 3, 2, FALSE),
(55, 1, 8, 5, 2, TRUE),
(55, 1, 9, 5, 2, FALSE),
(55, 1, 10, 4, 2, TRUE),
(55, 1, 11, 4, 2, TRUE),
(55, 1, 12, 3, 2, FALSE),
(55, 1, 13, 5, 2, TRUE),
(55, 1, 14, 4, 2, TRUE),
(55, 1, 15, 5, 3, FALSE),
(55, 1, 16, 3, 2, FALSE),
(55, 1, 17, 4, 2, TRUE),
(55, 1, 18, 5, 2, TRUE),
(56, 1, 1, 5, 2, FALSE),
(56, 1, 2, 6, 3, FALSE),
(56, 1, 3, 4, 2, FALSE),
(56, 1, 4, 5, 2, FALSE),
(56, 1, 5, 5, 3, FALSE),
(56, 1, 6, 5, 2, FALSE),
(56, 1, 7, 4, 2, FALSE),
(56, 1, 8, 6, 2, TRUE),
(56, 1, 9, 5, 2, FALSE),
(56, 1, 10, 5, 3, FALSE),
(56, 1, 11, 5, 2, FALSE),
(56, 1, 12, 4, 2, FALSE),
(56, 1, 13, 6, 2, TRUE),
(56, 1, 14, 5, 3, FALSE),
(56, 1, 15, 6, 3, FALSE),
(56, 1, 16, 4, 2, FALSE),
(56, 1, 17, 5, 3, FALSE),
(56, 1, 18, 6, 2, TRUE),
(57, 2, 1, 5, 2, FALSE),
(57, 2, 2, 5, 2, FALSE),
(57, 2, 3, 4, 2, FALSE),
(57, 2, 4, 6, 3, FALSE),
(57, 2, 5, 5, 3, FALSE),
(57, 2, 6, 5, 2, FALSE),
(57, 2, 7, 4, 2, FALSE),
(57, 2, 8, 6, 3, FALSE),
(57, 2, 9, 6, 2, TRUE),
(57, 2, 10, 5, 3, FALSE),
(57, 2, 11, 4, 3, FALSE),
(57, 2, 12, 5, 3, FALSE),
(57, 2, 13, 5, 3, FALSE),
(57, 2, 14, 5, 2, FALSE),
(57, 2, 15, 4, 2, FALSE),
(57, 2, 16, 5, 3, FALSE),
(57, 2, 17, 6, 3, TRUE),
(57, 2, 18, 5, 2, TRUE),
(58, 2, 1, 5, 2, FALSE),
(58, 2, 2, 5, 2, FALSE),
(58, 2, 3, 4, 2, FALSE),
(58, 2, 4, 6, 3, FALSE),
(58, 2, 5, 5, 2, FALSE),
(58, 2, 6, 5, 3, FALSE),
(58, 2, 7, 4, 2, FALSE),
(58, 2, 8, 6, 3, FALSE),
(58, 2, 9, 6, 3, FALSE),
(58, 2, 10, 5, 2, FALSE),
(58, 2, 11, 4, 3, FALSE),
(58, 2, 12, 5, 2, FALSE),
(58, 2, 13, 5, 3, FALSE),
(58, 2, 14, 5, 3, FALSE),
(58, 2, 15, 4, 2, FALSE),
(58, 2, 16, 5, 3, FALSE),
(58, 2, 17, 6, 3, FALSE),
(58, 2, 18, 5, 3, FALSE),
(59, 3, 1, 4, 2, TRUE),
(59, 3, 2, 3, 2, FALSE),
(59, 3, 3, 5, 2, TRUE),
(59, 3, 4, 4, 2, TRUE),
(59, 3, 5, 4, 2, TRUE),
(59, 3, 6, 4, 2, TRUE),
(59, 3, 7, 3, 2, FALSE),
(59, 3, 8, 5, 2, TRUE),
(59, 3, 9, 4, 2, TRUE),
(59, 3, 10, 4, 2, TRUE),
(59, 3, 11, 4, 2, TRUE),
(59, 3, 12, 3, 2, FALSE),
(59, 3, 13, 4, 2, TRUE),
(59, 3, 14, 5, 2, TRUE),
(59, 3, 15, 4, 2, TRUE),
(59, 3, 16, 3, 2, FALSE),
(59, 3, 17, 4, 2, TRUE),
(59, 3, 18, 5, 2, TRUE),
(60, 3, 1, 4, 2, TRUE),
(60, 3, 2, 3, 2, FALSE),
(60, 3, 3, 5, 2, TRUE),
(60, 3, 4, 5, 2, FALSE),
(60, 3, 5, 4, 2, TRUE),
(60, 3, 6, 4, 2, TRUE),
(60, 3, 7, 3, 2, FALSE),
(60, 3, 8, 5, 2, TRUE),
(60, 3, 9, 5, 2, FALSE),
(60, 3, 10, 4, 2, TRUE),
(60, 3, 11, 4, 2, TRUE),
(60, 3, 12, 3, 2, FALSE),
(60, 3, 13, 5, 3, FALSE),
(60, 3, 14, 5, 2, TRUE),
(60, 3, 15, 5, 2, FALSE),
(60, 3, 16, 3, 2, FALSE),
(60, 3, 17, 4, 2, TRUE),
(60, 3, 18, 6, 3, TRUE),
(61, 2, 1, 5, 2, FALSE),
(61, 2, 2, 5, 2, FALSE),
(61, 2, 3, 4, 2, FALSE),
(61, 2, 4, 6, 3, FALSE),
(61, 2, 5, 5, 3, FALSE),
(61, 2, 6, 5, 2, FALSE),
(61, 2, 7, 4, 2, FALSE),
(61, 2, 8, 6, 3, FALSE),
(61, 2, 9, 6, 2, TRUE),
(61, 2, 10, 5, 3, FALSE),
(61, 2, 11, 4, 3, FALSE),
(61, 2, 12, 5, 3, FALSE),
(61, 2, 13, 6, 3, FALSE),
(61, 2, 14, 5, 2, FALSE),
(61, 2, 15, 4, 2, FALSE),
(61, 2, 16, 5, 3, FALSE),
(61, 2, 17, 7, 3, FALSE),
(61, 2, 18, 5, 3, FALSE),
(62, 2, 1, 6, 3, FALSE),
(62, 2, 2, 6, 3, FALSE),
(62, 2, 3, 4, 2, FALSE),
(62, 2, 4, 7, 3, FALSE),
(62, 2, 5, 6, 3, FALSE),
(62, 2, 6, 5, 3, FALSE),
(62, 2, 7, 4, 2, FALSE),
(62, 2, 8, 7, 3, FALSE),
(62, 2, 9, 7, 3, FALSE),
(62, 2, 10, 6, 3, FALSE),
(62, 2, 11, 5, 3, FALSE),
(62, 2, 12, 6, 3, FALSE),
(62, 2, 13, 6, 3, FALSE),
(62, 2, 14, 6, 3, FALSE),
(62, 2, 15, 5, 3, FALSE),
(62, 2, 16, 6, 3, FALSE),
(62, 2, 17, 7, 3, FALSE),
(62, 2, 18, 6, 3, FALSE),
(63, 2, 1, 5, 3, FALSE),
(63, 2, 2, 6, 3, FALSE),
(63, 2, 3, 4, 2, FALSE),
(63, 2, 4, 7, 3, FALSE),
(63, 2, 5, 6, 3, FALSE),
(63, 2, 6, 5, 3, FALSE),
(63, 2, 7, 4, 2, FALSE),
(63, 2, 8, 6, 3, FALSE),
(63, 2, 9, 7, 3, FALSE),
(63, 2, 10, 6, 3, FALSE),
(63, 2, 11, 5, 3, FALSE),
(63, 2, 12, 6, 3, FALSE),
(63, 2, 13, 6, 3, FALSE),
(63, 2, 14, 5, 3, FALSE),
(63, 2, 15, 4, 2, FALSE),
(63, 2, 16, 6, 3, FALSE),
(63, 2, 17, 7, 3, FALSE),
(63, 2, 18, 6, 3, FALSE);

INSERT INTO HoleNotes (CourseID, HoleNumber, PlayerID, NoteText) VALUES
(1, 1, 3001, 'Opening birdie hole. Driver cut around dogleg, gap wedge to pin. Attack every flag position.'),
(1, 4, 3001, 'Index 3 demands respect. Driver bombs it past trouble, short iron in. Pin back-left is sucker pin.'),
(1, 9, 3001, 'Index 1 but I can reach. Stay aggressive with driver, trust the line. Conservative play costs strokes.'),
(1, 15, 3001, 'Index 2 monster. Driver-hybrid even with good drive. Two-putt par is excellent score here.'),
(1, 2, 3002, 'Reachable par 5. Driver left side opens angle. Can get home with 3-wood if wind cooperates.'),
(1, 8, 3002, 'Birdie opportunity. Driver-6iron gets there. Pin positions dictate aggression level.'),
(1, 13, 3002, 'Three-shot par 5 for positioning. Driver, 7-iron layup to 100 yards, sand wedge for birdie.'),
(1, 18, 3002, 'Finishing hole demands courage. Driver-3wood if conditions allow, otherwise lay up smart.'),
(1, 6, 3003, 'Favorite birdie hole. Driver down right center, wedge to 10 feet. Green slopes back to front.'),
(1, 11, 3003, 'Must hit fairway. Driver-8iron when in play. Miss fairway and bogey becomes likely.'),
(1, 16, 3003, 'Best birdie chance on back nine. Short par 3, wedge distance. No excuse not to birdie.'),
(1, 7, 3004, 'Tricky par 3 with trouble left. Club up in wind, better long than short. Back bunker is manageable.'),
(1, 14, 3004, 'Tough par 4 into prevailing wind. Fairway essential, then one more club than yardage suggests.'),
(2, 4, 3005, 'Par 5 birdie hole. Driver-3wood-wedge. Front pin position allows aggressive approach.'),
(2, 8, 3005, 'Index 1 requires precision. 3-wood off tee for position, mid-iron in. Par is excellent.'),
(2, 13, 3005, 'Dogleg right demands shaped tee shot. Draw around corner sets up short iron. Pin high is key.'),
(3, 3, 3001, 'Long par 5 into wind. Three quality shots needed. Driver, fairway wood, then wedge for birdie.'),
(3, 8, 3001, 'Monster index 1 hole. Hardest on course. Driver essential to have any chance at par.'),
(3, 13, 3001, 'Index 2 par 4. Driver down left side, approach from right angle is easier. Green slopes severe.'),
(3, 4, 3002, 'Long par 4 requiring two great shots. Fairway metal off tee keeps ball in play, hybrid in.'),
(3, 14, 3002, 'Par 5 with risk-reward second shot. Lay up to favorite distance or go for narrow green.'),
(1, 3, 3006, 'Short par 3 but elevated green plays longer. Back pin needs extra club, front allows aggressive line.'),
(1, 5, 3006, 'Dogleg left where position matters. Driver cut to corner, short iron in. Pin front-right is birdie chance.'),
(2, 1, 3007, 'Opening hole sets tone. Driver down right side, approach must hold firm green. Confidence builder.'),
(2, 9, 3007, 'Reachable par 5 with good drive. Second shot risk-reward over water. Lay up is smart play.'),
(1, 12, 3008, 'Longest par 3 on course. Often plays into wind. Take plenty of club, back bunker better than short.'),
(1, 17, 3008, 'Solid par 4 requiring fairway. Driver-8iron typical. Green accepts running approach from right.'),
(3, 6, 3009, 'Mid-length par 4 with bunkers guarding green. Driver-wedge but must avoid right bunker complex.'),
(3, 15, 3009, 'Straightaway par 4. Driver down middle, then trust yardage. Green is receptive to quality approach.'),
(1, 8, 3010, 'Long par 5 requiring three good shots. Driver, fairway wood layup, wedge. Birdie is makeable.'),
(2, 12, 3011, 'Mid-length par 4 with two-tier green. Club selection critical on approach. Know pin position.'),
(3, 7, 3012, 'Short par 3 is scoring opportunity. Wedge distance but green is small. Center of green is safe play.'),
(2, 16, 3013, 'Tough par 4 late in round. Driver-hybrid for most. Green slopes away, need to land softly.'),
(1, 13, 3014, 'Long par 5 where three shots is wise. Driver, layup to 100 yards, then wedge. Chasing birdie risks double.'),
(2, 6, 3015, 'Short par 4 with narrow landing zone. Consider 3-wood for accuracy, leaves wedge in hand.'),
(1, 10, 3016, 'First hole on back nine. Good birdie opportunity with solid drive and approach. Build momentum.'),
(2, 14, 3017, 'Par 4 requiring accuracy off tee. Fairway bunkers await poor drive. Position over distance here.'),
(3, 12, 3018, 'Par 3 with dangerous left side. Favor right side of green. Two-putt par is good score.'),
(1, 18, 3019, 'Finishing par 5 with water right. Lay up strategy prevents big number. Two-putt par closes well.');

INSERT INTO Rounds (CourseID, RoundName, RoundPlayed) VALUES
(1, 'Club Competition Round', '2024-09-15 09:30:00'),
(1, 'Saturday Medal', '2024-09-22 10:00:00'),
(2, 'Weekday Practice', '2024-09-28 14:30:00'),
(1, 'Monthly Stableford', '2024-10-05 09:00:00'),
(3, 'Away Day Trip', '2024-10-12 08:30:00'),
(1, 'Sunday Competition', '2024-10-19 10:30:00'),
(2, 'Midweek Round', '2024-10-25 13:00:00'),
(1, 'Club Championship Qualifier', '2024-11-02 09:00:00'),
(3, 'Links Challenge', '2024-11-08 08:00:00'),
(1, 'Autumn Series R1', '2024-11-15 09:30:00'),
(2, 'Practice Round', '2024-08-20 15:00:00'),
(1, 'Summer Medal', '2024-08-27 10:00:00'),
(3, 'Guest Day', '2024-09-03 09:00:00'),
(1, 'Stroke Play Event', '2024-09-10 10:30:00'),
(2, 'Evening Round', '2024-10-01 16:00:00'),
(1, 'October Medal', '2024-10-08 09:30:00'),
(3, 'Coastal Championship', '2024-10-15 08:30:00'),
(2, 'Quick Nine Plus Nine', '2024-10-22 14:00:00'),
(1, 'November Cup', '2024-11-09 09:00:00'),
(1, 'Final Round of Season', '2024-11-21 10:00:00');

INSERT INTO PlayerRounds (RoundID, PlayerID, TeeSetID) VALUES
(21, 3012, 3),
(22, 3012, 3),
(23, 3012, 7),
(24, 3012, 3),
(25, 3012, 12),
(26, 3012, 3),
(27, 3012, 8),
(28, 3012, 2),
(29, 3012, 13),
(30, 3012, 3),
(31, 3012, 7),
(32, 3012, 3),
(33, 3012, 12),
(34, 3012, 3),
(35, 3012, 8),
(36, 3012, 3),
(37, 3012, 12),
(38, 3012, 7),
(39, 3012, 3),
(40, 3012, 2);

INSERT INTO Scores (PlayerRoundID, CourseID, HoleNumber, Strokes, Putts, FairwayHit) VALUES
(64, 1, 1, 4, 2, TRUE),
(64, 1, 2, 5, 2, TRUE),
(64, 1, 3, 4, 2, FALSE),
(64, 1, 4, 5, 2, FALSE),
(64, 1, 5, 4, 2, TRUE),
(64, 1, 6, 4, 2, TRUE),
(64, 1, 7, 3, 2, FALSE),
(64, 1, 8, 5, 2, TRUE),
(64, 1, 9, 5, 2, FALSE),
(64, 1, 10, 4, 2, TRUE),
(64, 1, 11, 5, 2, FALSE),
(64, 1, 12, 3, 2, FALSE),
(64, 1, 13, 5, 2, TRUE),
(64, 1, 14, 4, 2, TRUE),
(64, 1, 15, 5, 2, FALSE),
(64, 1, 16, 3, 2, FALSE),
(64, 1, 17, 4, 2, TRUE),
(64, 1, 18, 6, 2, TRUE),
(65, 1, 1, 4, 2, TRUE),
(65, 1, 2, 5, 2, TRUE),
(65, 1, 3, 3, 2, FALSE),
(65, 1, 4, 4, 2, TRUE),
(65, 1, 5, 5, 2, FALSE),
(65, 1, 6, 4, 2, TRUE),
(65, 1, 7, 3, 2, FALSE),
(65, 1, 8, 6, 2, TRUE),
(65, 1, 9, 4, 2, TRUE),
(65, 1, 10, 5, 2, FALSE),
(65, 1, 11, 4, 2, TRUE),
(65, 1, 12, 3, 2, FALSE),
(65, 1, 13, 6, 2, TRUE),
(65, 1, 14, 4, 2, TRUE),
(65, 1, 15, 4, 2, TRUE),
(65, 1, 16, 3, 2, FALSE),
(65, 1, 17, 5, 2, FALSE),
(65, 1, 18, 5, 2, TRUE),
(66, 2, 1, 4, 2, TRUE),
(66, 2, 2, 5, 2, FALSE),
(66, 2, 3, 3, 2, FALSE),
(66, 2, 4, 5, 2, TRUE),
(66, 2, 5, 4, 2, TRUE),
(66, 2, 6, 4, 2, TRUE),
(66, 2, 7, 3, 2, FALSE),
(66, 2, 8, 5, 2, FALSE),
(66, 2, 9, 5, 2, TRUE),
(66, 2, 10, 4, 2, TRUE),
(66, 2, 11, 3, 2, FALSE),
(66, 2, 12, 4, 2, TRUE),
(66, 2, 13, 4, 2, TRUE),
(66, 2, 14, 5, 2, FALSE),
(66, 2, 15, 3, 2, FALSE),
(66, 2, 16, 4, 2, TRUE),
(66, 2, 17, 5, 2, TRUE),
(66, 2, 18, 4, 2, TRUE),
(67, 1, 1, 5, 2, FALSE),
(67, 1, 2, 5, 2, TRUE),
(67, 1, 3, 3, 2, FALSE),
(67, 1, 4, 5, 2, FALSE),
(67, 1, 5, 4, 2, TRUE),
(67, 1, 6, 5, 2, FALSE),
(67, 1, 7, 3, 2, FALSE),
(67, 1, 8, 6, 2, TRUE),
(67, 1, 9, 4, 2, TRUE),
(67, 1, 10, 4, 2, TRUE),
(67, 1, 11, 5, 2, FALSE),
(67, 1, 12, 4, 2, FALSE),
(67, 1, 13, 5, 2, TRUE),
(67, 1, 14, 4, 2, TRUE),
(67, 1, 15, 5, 2, FALSE),
(67, 1, 16, 3, 2, FALSE),
(67, 1, 17, 4, 2, TRUE),
(67, 1, 18, 5, 2, TRUE),
(68, 3, 1, 4, 2, TRUE),
(68, 3, 2, 3, 2, FALSE),
(68, 3, 3, 5, 2, TRUE),
(68, 3, 4, 5, 2, FALSE),
(68, 3, 5, 4, 2, TRUE),
(68, 3, 6, 4, 2, TRUE),
(68, 3, 7, 3, 2, FALSE),
(68, 3, 8, 5, 2, TRUE),
(68, 3, 9, 5, 2, FALSE),
(68, 3, 10, 4, 2, TRUE),
(68, 3, 11, 4, 2, TRUE),
(68, 3, 12, 3, 2, FALSE),
(68, 3, 13, 5, 3, FALSE),
(68, 3, 14, 6, 2, TRUE),
(68, 3, 15, 4, 2, TRUE),
(68, 3, 16, 3, 2, FALSE),
(68, 3, 17, 4, 2, TRUE),
(68, 3, 18, 6, 3, TRUE),
(69, 1, 1, 4, 2, TRUE),
(69, 1, 2, 5, 2, TRUE),
(69, 1, 3, 3, 2, FALSE),
(69, 1, 4, 4, 2, TRUE),
(69, 1, 5, 5, 2, FALSE),
(69, 1, 6, 4, 2, TRUE),
(69, 1, 7, 3, 2, FALSE),
(69, 1, 8, 5, 2, TRUE),
(69, 1, 9, 4, 2, TRUE),
(69, 1, 10, 4, 2, TRUE),
(69, 1, 11, 4, 2, TRUE),
(69, 1, 12, 3, 2, FALSE),
(69, 1, 13, 6, 2, TRUE),
(69, 1, 14, 4, 2, TRUE),
(69, 1, 15, 5, 3, FALSE),
(69, 1, 16, 3, 2, FALSE),
(69, 1, 17, 4, 2, TRUE),
(69, 1, 18, 5, 2, TRUE),
(70, 2, 1, 4, 2, TRUE),
(70, 2, 2, 4, 2, TRUE),
(70, 2, 3, 3, 2, FALSE),
(70, 2, 4, 5, 2, TRUE),
(70, 2, 5, 4, 2, TRUE),
(70, 2, 6, 4, 2, TRUE),
(70, 2, 7, 4, 2, FALSE),
(70, 2, 8, 4, 2, TRUE),
(70, 2, 9, 5, 2, TRUE),
(70, 2, 10, 4, 2, TRUE),
(70, 2, 11, 3, 2, FALSE),
(70, 2, 12, 5, 2, FALSE),
(70, 2, 13, 5, 3, FALSE),
(70, 2, 14, 4, 2, TRUE),
(70, 2, 15, 3, 2, FALSE),
(70, 2, 16, 4, 2, TRUE),
(70, 2, 17, 5, 2, TRUE),
(70, 2, 18, 4, 2, TRUE),
(71, 1, 1, 4, 2, TRUE),
(71, 1, 2, 6, 3, FALSE),
(71, 1, 3, 3, 2, FALSE),
(71, 1, 4, 5, 2, FALSE),
(71, 1, 5, 4, 2, TRUE),
(71, 1, 6, 4, 2, TRUE),
(71, 1, 7, 3, 2, FALSE),
(71, 1, 8, 5, 2, TRUE),
(71, 1, 9, 5, 2, FALSE),
(71, 1, 10, 4, 2, TRUE),
(71, 1, 11, 5, 3, FALSE),
(71, 1, 12, 3, 2, FALSE),
(71, 1, 13, 5, 2, TRUE),
(71, 1, 14, 4, 2, TRUE),
(71, 1, 15, 5, 2, FALSE),
(71, 1, 16, 3, 2, FALSE),
(71, 1, 17, 5, 2, FALSE),
(71, 1, 18, 6, 3, TRUE),
(72, 3, 1, 4, 2, TRUE),
(72, 3, 2, 3, 2, FALSE),
(72, 3, 3, 6, 2, TRUE),
(72, 3, 4, 4, 2, TRUE),
(72, 3, 5, 4, 2, TRUE),
(72, 3, 6, 5, 2, FALSE),
(72, 3, 7, 3, 2, FALSE),
(72, 3, 8, 5, 2, TRUE),
(72, 3, 9, 4, 2, TRUE),
(72, 3, 10, 4, 2, TRUE),
(72, 3, 11, 5, 2, FALSE),
(72, 3, 12, 3, 2, FALSE),
(72, 3, 13, 4, 2, TRUE),
(72, 3, 14, 5, 2, TRUE),
(72, 3, 15, 4, 2, TRUE),
(72, 3, 16, 3, 2, FALSE),
(72, 3, 17, 5, 3, FALSE),
(72, 3, 18, 6, 2, TRUE),
(73, 1, 1, 4, 2, TRUE),
(73, 1, 2, 5, 2, TRUE),
(73, 1, 3, 3, 2, FALSE),
(73, 1, 4, 4, 2, TRUE),
(73, 1, 5, 4, 2, TRUE),
(73, 1, 6, 4, 2, TRUE),
(73, 1, 7, 3, 2, FALSE),
(73, 1, 8, 5, 2, TRUE),
(73, 1, 9, 4, 2, TRUE),
(73, 1, 10, 5, 2, FALSE),
(73, 1, 11, 4, 2, TRUE),
(73, 1, 12, 3, 2, FALSE),
(73, 1, 13, 5, 2, TRUE),
(73, 1, 14, 5, 2, FALSE),
(73, 1, 15, 4, 2, TRUE),
(73, 1, 16, 3, 2, FALSE),
(73, 1, 17, 4, 2, TRUE),
(73, 1, 18, 5, 2, TRUE),
(74, 2, 1, 4, 2, TRUE),
(74, 2, 2, 4, 2, TRUE),
(74, 2, 3, 3, 2, FALSE),
(74, 2, 4, 6, 3, FALSE),
(74, 2, 5, 4, 2, TRUE),
(74, 2, 6, 4, 2, TRUE),
(74, 2, 7, 3, 2, FALSE),
(74, 2, 8, 5, 2, FALSE),
(74, 2, 9, 5, 2, TRUE),
(74, 2, 10, 4, 2, TRUE),
(74, 2, 11, 3, 2, FALSE),
(74, 2, 12, 4, 2, TRUE),
(74, 2, 13, 4, 2, TRUE),
(74, 2, 14, 4, 2, TRUE),
(74, 2, 15, 3, 2, FALSE),
(74, 2, 16, 5, 3, FALSE),
(74, 2, 17, 6, 2, TRUE),
(74, 2, 18, 4, 2, TRUE),
(75, 1, 1, 4, 2, TRUE),
(75, 1, 2, 5, 2, TRUE),
(75, 1, 3, 3, 2, FALSE),
(75, 1, 4, 4, 2, TRUE),
(75, 1, 5, 4, 2, TRUE),
(75, 1, 6, 5, 2, FALSE),
(75, 1, 7, 3, 2, FALSE),
(75, 1, 8, 5, 2, TRUE),
(75, 1, 9, 4, 2, TRUE),
(75, 1, 10, 4, 2, TRUE),
(75, 1, 11, 4, 2, TRUE),
(75, 1, 12, 3, 2, FALSE),
(75, 1, 13, 5, 2, TRUE),
(75, 1, 14, 4, 2, TRUE),
(75, 1, 15, 4, 2, TRUE),
(75, 1, 16, 3, 2, FALSE),
(75, 1, 17, 4, 2, TRUE),
(75, 1, 18, 5, 2, TRUE),
(76, 3, 1, 5, 2, FALSE),
(76, 3, 2, 3, 2, FALSE),
(76, 3, 3, 5, 2, TRUE),
(76, 3, 4, 4, 2, TRUE),
(76, 3, 5, 4, 2, TRUE),
(76, 3, 6, 4, 2, TRUE),
(76, 3, 7, 3, 2, FALSE),
(76, 3, 8, 6, 2, TRUE),
(76, 3, 9, 5, 2, FALSE),
(76, 3, 10, 4, 2, TRUE),
(76, 3, 11, 5, 3, FALSE),
(76, 3, 12, 3, 2, FALSE),
(76, 3, 13, 5, 3, FALSE),
(76, 3, 14, 5, 2, TRUE),
(76, 3, 15, 4, 2, TRUE),
(76, 3, 16, 3, 2, FALSE),
(76, 3, 17, 4, 2, TRUE),
(76, 3, 18, 5, 2, TRUE),
(77, 2, 1, 4, 2, TRUE),
(77, 2, 2, 5, 2, FALSE),
(77, 2, 3, 3, 2, FALSE),
(77, 2, 4, 5, 2, TRUE),
(77, 2, 5, 4, 2, TRUE),
(77, 2, 6, 4, 2, TRUE),
(77, 2, 7, 3, 2, FALSE),
(77, 2, 8, 4, 2, TRUE),
(77, 2, 9, 6, 3, FALSE),
(77, 2, 10, 4, 2, TRUE),
(77, 2, 11, 3, 2, FALSE),
(77, 2, 12, 4, 2, TRUE),
(77, 2, 13, 4, 2, TRUE),
(77, 2, 14, 4, 2, TRUE),
(77, 2, 15, 3, 2, FALSE),
(77, 2, 16, 4, 2, TRUE),
(77, 2, 17, 5, 2, TRUE),
(77, 2, 18, 5, 3, FALSE),
(78, 1, 1, 4, 2, TRUE),
(78, 1, 2, 5, 2, TRUE),
(78, 1, 3, 4, 2, FALSE),
(78, 1, 4, 4, 2, TRUE),
(78, 1, 5, 4, 2, TRUE),
(78, 1, 6, 4, 2, TRUE),
(78, 1, 7, 3, 2, FALSE),
(78, 1, 8, 5, 2, TRUE),
(78, 1, 9, 5, 2, FALSE),
(78, 1, 10, 4, 2, TRUE),
(78, 1, 11, 4, 2, TRUE),
(78, 1, 12, 3, 2, FALSE),
(78, 1, 13, 5, 2, TRUE),
(78, 1, 14, 4, 2, TRUE),
(78, 1, 15, 5, 3, FALSE),
(78, 1, 16, 3, 2, FALSE),
(78, 1, 17, 4, 2, TRUE),
(78, 1, 18, 5, 2, TRUE),
(79, 3, 1, 4, 2, TRUE),
(79, 3, 2, 3, 2, FALSE),
(79, 3, 3, 5, 2, TRUE),
(79, 3, 4, 4, 2, TRUE),
(79, 3, 5, 5, 2, FALSE),
(79, 3, 6, 4, 2, TRUE),
(79, 3, 7, 3, 2, FALSE),
(79, 3, 8, 5, 2, TRUE),
(79, 3, 9, 4, 2, TRUE),
(79, 3, 10, 4, 2, TRUE),
(79, 3, 11, 4, 2, TRUE),
(79, 3, 12, 3, 2, FALSE),
(79, 3, 13, 4, 2, TRUE),
(79, 3, 14, 5, 2, TRUE),
(79, 3, 15, 5, 2, FALSE),
(79, 3, 16, 3, 2, FALSE),
(79, 3, 17, 4, 2, TRUE),
(79, 3, 18, 6, 3, TRUE),
(80, 2, 1, 4, 2, TRUE),
(80, 2, 2, 4, 2, TRUE),
(80, 2, 3, 3, 2, FALSE),
(80, 2, 4, 5, 2, TRUE),
(80, 2, 5, 4, 2, TRUE),
(80, 2, 6, 4, 2, TRUE),
(80, 2, 7, 3, 2, FALSE),
(80, 2, 8, 5, 2, FALSE),
(80, 2, 9, 5, 2, TRUE),
(80, 2, 10, 4, 2, TRUE),
(80, 2, 11, 3, 2, FALSE),
(80, 2, 12, 4, 2, TRUE),
(80, 2, 13, 4, 2, TRUE),
(80, 2, 14, 4, 2, TRUE),
(80, 2, 15, 3, 2, FALSE),
(80, 2, 16, 4, 2, TRUE),
(80, 2, 17, 5, 2, TRUE),
(80, 2, 18, 4, 2, TRUE),
(81, 1, 1, 4, 2, TRUE),
(81, 1, 2, 5, 2, TRUE),
(81, 1, 3, 3, 2, FALSE),
(81, 1, 4, 4, 2, TRUE),
(81, 1, 5, 4, 2, TRUE),
(81, 1, 6, 4, 2, TRUE),
(81, 1, 7, 3, 2, FALSE),
(81, 1, 8, 6, 2, TRUE),
(81, 1, 9, 4, 2, TRUE),
(81, 1, 10, 4, 2, TRUE),
(81, 1, 11, 4, 2, TRUE),
(81, 1, 12, 3, 2, FALSE),
(81, 1, 13, 5, 2, TRUE),
(81, 1, 14, 4, 2, TRUE),
(81, 1, 15, 4, 2, TRUE),
(81, 1, 16, 3, 2, FALSE),
(81, 1, 17, 5, 2, FALSE),
(81, 1, 18, 5, 2, TRUE),
(82, 1, 1, 4, 2, TRUE),
(82, 1, 2, 5, 2, TRUE),
(82, 1, 3, 3, 2, FALSE),
(82, 1, 4, 4, 2, TRUE),
(82, 1, 5, 4, 2, TRUE),
(82, 1, 6, 4, 2, TRUE),
(82, 1, 7, 3, 2, FALSE),
(82, 1, 8, 5, 2, TRUE),
(82, 1, 9, 4, 2, TRUE),
(82, 1, 10, 4, 2, TRUE),
(82, 1, 11, 4, 2, TRUE),
(82, 1, 12, 3, 2, FALSE),
(82, 1, 13, 5, 2, TRUE),
(82, 1, 14, 4, 2, TRUE),
(82, 1, 15, 4, 2, TRUE),
(82, 1, 16, 3, 2, FALSE),
(82, 1, 17, 4, 2, TRUE),
(82, 1, 18, 5, 2, TRUE),
(83, 2, 1, 4, 2, TRUE),
(83, 2, 2, 4, 2, TRUE),
(83, 2, 3, 3, 2, FALSE),
(83, 2, 4, 5, 2, TRUE),
(83, 2, 5, 4, 2, TRUE),
(83, 2, 6, 4, 2, TRUE),
(83, 2, 7, 3, 2, FALSE),
(83, 2, 8, 4, 2, TRUE),
(83, 2, 9, 5, 2, TRUE),
(83, 2, 10, 4, 2, TRUE),
(83, 2, 11, 3, 2, FALSE),
(83, 2, 12, 4, 2, TRUE),
(83, 2, 13, 4, 2, TRUE),
(83, 2, 14, 4, 2, TRUE),
(83, 2, 15, 3, 2, FALSE),
(83, 2, 16, 4, 2, TRUE),
(83, 2, 17, 5, 2, TRUE),
(83, 2, 18, 4, 2, TRUE);